RelPath	IsDir	OldName	NewName
0	True	0	0
0\120802. 두 수의 합 구하기	True	120802. 두 수의 합 구하기	120802. 두 수의 합 구하기
0\120802. 두 수의 합 구하기\README.md	False	README.md	README.md
0\120802. 두 수의 합 구하기\두 수의 합 구하기.c	False	두 수의 합 구하기.c	item.c
0\120803. 두 수의 차 구하기	True	120803. 두 수의 차 구하기	120803. 두 수의 차 구하기
0\120803. 두 수의 차 구하기\README.md	False	README.md	README.md
0\120803. 두 수의 차 구하기\두 수의 차 구하기.cpp	False	두 수의 차 구하기.cpp	item.cpp
0\120804. 두 수의 곱 구하기	True	120804. 두 수의 곱 구하기	120804. 두 수의 곱 구하기
0\120804. 두 수의 곱 구하기\README.md	False	README.md	README.md
0\120804. 두 수의 곱 구하기\두 수의 곱 구하기.cpp	False	두 수의 곱 구하기.cpp	item.cpp
0\120805. 몫 구하기	True	120805. 몫 구하기	120805. 몫 구하기
0\120805. 몫 구하기\README.md	False	README.md	README.md
0\120805. 몫 구하기\몫 구하기.cpp	False	몫 구하기.cpp	item.cpp
0\120806. 두 수의 나눗셈	True	120806. 두 수의 나눗셈	120806. 두 수의 나눗셈
0\120806. 두 수의 나눗셈\README.md	False	README.md	README.md
0\120806. 두 수의 나눗셈\두 수의 나눗셈.cpp	False	두 수의 나눗셈.cpp	item.cpp
0\120807. 숫자 비교하기	True	120807. 숫자 비교하기	120807. 숫자 비교하기
0\120807. 숫자 비교하기\README.md	False	README.md	README.md
0\120807. 숫자 비교하기\숫자 비교하기.cpp	False	숫자 비교하기.cpp	item.cpp
0\120808. 분수의 덧셈	True	120808. 분수의 덧셈	120808. 분수의 덧셈
0\120808. 분수의 덧셈\README.md	False	README.md	README.md
0\120808. 분수의 덧셈\분수의 덧셈.cpp	False	분수의 덧셈.cpp	item.cpp
0\120809. 배열 두배 만들기	True	120809. 배열 두배 만들기	120809. 배열 두배 만들기
0\120809. 배열 두배 만들기\README.md	False	README.md	README.md
0\120809. 배열 두배 만들기\배열 두배 만들기.cpp	False	배열 두배 만들기.cpp	item.cpp
0\120817. 배열의 평균값	True	120817. 배열의 평균값	120817. 배열의 평균값
0\120817. 배열의 평균값\README.md	False	README.md	README.md
0\120817. 배열의 평균값\배열의 평균값.cpp	False	배열의 평균값.cpp	item.cpp
0\120820. 나이 출력	True	120820. 나이 출력	120820. 나이 출력
0\120820. 나이 출력\README.md	False	README.md	README.md
0\120820. 나이 출력\나이 출력.cpp	False	나이 출력.cpp	item.cpp
0\120829. 각도기	True	120829. 각도기	120829. 각도기
0\120829. 각도기\README.md	False	README.md	README.md
0\120829. 각도기\각도기.cpp	False	각도기.cpp	item.cpp
0\120831. Sum Of Even	True	120831. Sum Of Even	120831. Sum Of Even
0\120831. Sum Of Even\README.md	False	README.md	README.md
0\120831. Sum Of Even\짝수의 합.cpp	False	짝수의 합.cpp	item.cpp
1	True	1	1
1\118666. 성격 유형 검사하기	True	118666. 성격 유형 검사하기	118666. 성격 유형 검사하기
1\118666. 성격 유형 검사하기\README.md	False	README.md	README.md
1\118666. 성격 유형 검사하기\성격 유형 검사하기.cpp	False	성격 유형 검사하기.cpp	item.cpp
1\12901. 2016년	True	12901. 2016년	12901. 2016년
1\12901. 2016년\2016년.cpp	False	2016년.cpp	2016.cpp
1\12901. 2016년\README.md	False	README.md	README.md
1\12903. 가운데 글자 가져오기	True	12903. 가운데 글자 가져오기	12903. 가운데 글자 가져오기
1\12903. 가운데 글자 가져오기\README.md	False	README.md	README.md
1\12903. 가운데 글자 가져오기\가운데 글자 가져오기.cpp	False	가운데 글자 가져오기.cpp	item.cpp
1\12910. 나누어 떨어지는 숫자 배열	True	12910. 나누어 떨어지는 숫자 배열	12910. 나누어 떨어지는 숫자 배열
1\12910. 나누어 떨어지는 숫자 배열\README.md	False	README.md	README.md
1\12910. 나누어 떨어지는 숫자 배열\나누어 떨어지는 숫자 배열.cpp	False	나누어 떨어지는 숫자 배열.cpp	item.cpp
1\12912. 두 정수 사이의 합	True	12912. 두 정수 사이의 합	12912. 두 정수 사이의 합
1\12912. 두 정수 사이의 합\README.md	False	README.md	README.md
1\12912. 두 정수 사이의 합\두 정수 사이의 합.cpp	False	두 정수 사이의 합.cpp	item.cpp
1\12915. 문자열 내 마음대로 정렬하기	True	12915. 문자열 내 마음대로 정렬하기	12915. 문자열 내 마음대로 정렬하기
1\12915. 문자열 내 마음대로 정렬하기\README.md	False	README.md	README.md
1\12915. 문자열 내 마음대로 정렬하기\문자열 내 마음대로 정렬하기.cpp	False	문자열 내 마음대로 정렬하기.cpp	item.cpp
1\12917. 문자열 내림차순으로 배치하기	True	12917. 문자열 내림차순으로 배치하기	12917. 문자열 내림차순으로 배치하기
1\12917. 문자열 내림차순으로 배치하기\README.md	False	README.md	README.md
1\12917. 문자열 내림차순으로 배치하기\문자열 내림차순으로 배치하기.cpp	False	문자열 내림차순으로 배치하기.cpp	item.cpp
1\12918. 문자열 다루기 기본	True	12918. 문자열 다루기 기본	12918. 문자열 다루기 기본
1\12918. 문자열 다루기 기본\README.md	False	README.md	README.md
1\12918. 문자열 다루기 기본\문자열 다루기 기본.cpp	False	문자열 다루기 기본.cpp	item.cpp
1\12919. 서울에서 김서방 찾기	True	12919. 서울에서 김서방 찾기	12919. 서울에서 김서방 찾기
1\12919. 서울에서 김서방 찾기\README.md	False	README.md	README.md
1\12919. 서울에서 김서방 찾기\서울에서 김서방 찾기.cpp	False	서울에서 김서방 찾기.cpp	item.cpp
1\12922. 수박수박수박수박수박수？	True	12922. 수박수박수박수박수박수？	12922. 수박수박수박수박수박수？
1\12922. 수박수박수박수박수박수？\README.md	False	README.md	README.md
1\12922. 수박수박수박수박수박수？\수박수박수박수박수박수？.cpp	False	수박수박수박수박수박수？.cpp	item.cpp
1\12925. 문자열을 정수로 바꾸기	True	12925. 문자열을 정수로 바꾸기	12925. 문자열을 정수로 바꾸기
1\12925. 문자열을 정수로 바꾸기\README.md	False	README.md	README.md
1\12925. 문자열을 정수로 바꾸기\문자열을 정수로 바꾸기.cpp	False	문자열을 정수로 바꾸기.cpp	item.cpp
1\12926. 시저 암호	True	12926. 시저 암호	12926. 시저 암호
1\12926. 시저 암호\README.md	False	README.md	README.md
1\12926. 시저 암호\시저 암호.cpp	False	시저 암호.cpp	item.cpp
1\12928. 약수의 합	True	12928. 약수의 합	12928. 약수의 합
1\12928. 약수의 합\README.md	False	README.md	README.md
1\12928. 약수의 합\약수의 합.cpp	False	약수의 합.cpp	item.cpp
1\12930. 이상한 문자 만들기	True	12930. 이상한 문자 만들기	12930. 이상한 문자 만들기
1\12930. 이상한 문자 만들기\README.md	False	README.md	README.md
1\12930. 이상한 문자 만들기\이상한 문자 만들기.cpp	False	이상한 문자 만들기.cpp	item.cpp
1\12931. 자릿수 더하기	True	12931. 자릿수 더하기	12931. 자릿수 더하기
1\12931. 자릿수 더하기\README.md	False	README.md	README.md
1\12931. 자릿수 더하기\자릿수 더하기.cpp	False	자릿수 더하기.cpp	item.cpp
1\12932. 자연수 뒤집어 배열로 만들기	True	12932. 자연수 뒤집어 배열로 만들기	12932. 자연수 뒤집어 배열로 만들기
1\12932. 자연수 뒤집어 배열로 만들기\README.md	False	README.md	README.md
1\12932. 자연수 뒤집어 배열로 만들기\자연수 뒤집어 배열로 만들기.cpp	False	자연수 뒤집어 배열로 만들기.cpp	item.cpp
1\12933. 정수 내림차순으로 배치하기	True	12933. 정수 내림차순으로 배치하기	12933. 정수 내림차순으로 배치하기
1\12933. 정수 내림차순으로 배치하기\README.md	False	README.md	README.md
1\12933. 정수 내림차순으로 배치하기\정수 내림차순으로 배치하기.cpp	False	정수 내림차순으로 배치하기.cpp	item.cpp
1\12934. 정수 제곱근 판별	True	12934. 정수 제곱근 판별	12934. 정수 제곱근 판별
1\12934. 정수 제곱근 판별\README.md	False	README.md	README.md
1\12934. 정수 제곱근 판별\정수 제곱근 판별.cpp	False	정수 제곱근 판별.cpp	item.cpp
1\12935. 제일 작은 수 제거하기	True	12935. 제일 작은 수 제거하기	12935. 제일 작은 수 제거하기
1\12935. 제일 작은 수 제거하기\README.md	False	README.md	README.md
1\12935. 제일 작은 수 제거하기\제일 작은 수 제거하기.cpp	False	제일 작은 수 제거하기.cpp	item.cpp
1\12937. 짝수와 홀수	True	12937. 짝수와 홀수	12937. 짝수와 홀수
1\12937. 짝수와 홀수\README.md	False	README.md	README.md
1\12937. 짝수와 홀수\짝수와 홀수.cpp	False	짝수와 홀수.cpp	item.cpp
1\12940. 최대공약수와 최소공배수	True	12940. 최대공약수와 최소공배수	12940. 최대공약수와 최소공배수
1\12940. 최대공약수와 최소공배수\README.md	False	README.md	README.md
1\12940. 최대공약수와 최소공배수\최대공약수와 최소공배수.cpp	False	최대공약수와 최소공배수.cpp	item.cpp
1\12943. 콜라츠 추측	True	12943. 콜라츠 추측	12943. 콜라츠 추측
1\12943. 콜라츠 추측\README.md	False	README.md	README.md
1\12943. 콜라츠 추측\콜라츠 추측.cpp	False	콜라츠 추측.cpp	item.cpp
1\12944. 평균 구하기	True	12944. 평균 구하기	12944. 평균 구하기
1\12944. 평균 구하기\README.md	False	README.md	README.md
1\12944. 평균 구하기\평균 구하기.cpp	False	평균 구하기.cpp	item.cpp
1\12947. 하샤드 수	True	12947. 하샤드 수	12947. 하샤드 수
1\12947. 하샤드 수\README.md	False	README.md	README.md
1\12947. 하샤드 수\하샤드 수.cpp	False	하샤드 수.cpp	item.cpp
1\12948. 핸드폰 번호 가리기	True	12948. 핸드폰 번호 가리기	12948. 핸드폰 번호 가리기
1\12948. 핸드폰 번호 가리기\README.md	False	README.md	README.md
1\12948. 핸드폰 번호 가리기\핸드폰 번호 가리기.cpp	False	핸드폰 번호 가리기.cpp	item.cpp
1\12950. 행렬의 덧셈	True	12950. 행렬의 덧셈	12950. 행렬의 덧셈
1\12950. 행렬의 덧셈\README.md	False	README.md	README.md
1\12950. 행렬의 덧셈\행렬의 덧셈.cpp	False	행렬의 덧셈.cpp	item.cpp
1\12954. x만큼 간격이 있는 n개의 숫자	True	12954. x만큼 간격이 있는 n개의 숫자	12954. x만큼 간격이 있는 n개의 숫자
1\12954. x만큼 간격이 있는 n개의 숫자\README.md	False	README.md	README.md
1\12954. x만큼 간격이 있는 n개의 숫자\x만큼 간격이 있는 n개의 숫자.cpp	False	x만큼 간격이 있는 n개의 숫자.cpp	x_n.cpp
1\12969. 직사각형 별찍기	True	12969. 직사각형 별찍기	12969. 직사각형 별찍기
1\12969. 직사각형 별찍기\README.md	False	README.md	README.md
1\12969. 직사각형 별찍기\직사각형 별찍기.cpp	False	직사각형 별찍기.cpp	item.cpp
1\12977. 소수 만들기	True	12977. 소수 만들기	12977. 소수 만들기
1\12977. 소수 만들기\README.md	False	README.md	README.md
1\12977. 소수 만들기\소수 만들기.cpp	False	소수 만들기.cpp	item.cpp
1\131128. 숫자 짝꿍	True	131128. 숫자 짝꿍	131128. 숫자 짝꿍
1\131128. 숫자 짝꿍\README.md	False	README.md	README.md
1\131128. 숫자 짝꿍\숫자 짝꿍.cpp	False	숫자 짝꿍.cpp	item.cpp
1\131705. 삼총사	True	131705. 삼총사	131705. 삼총사
1\131705. 삼총사\README.md	False	README.md	README.md
1\131705. 삼총사\삼총사.cpp	False	삼총사.cpp	item.cpp
1\132267. 콜라 문제	True	132267. 콜라 문제	132267. 콜라 문제
1\132267. 콜라 문제\README.md	False	README.md	README.md
1\132267. 콜라 문제\콜라 문제.cpp	False	콜라 문제.cpp	item.cpp
1\133499. 옹알이 （2）	True	133499. 옹알이 （2）	133499. 옹알이 （2）
1\133499. 옹알이 （2）\README.md	False	README.md	README.md
1\133499. 옹알이 （2）\옹알이 （2）.cpp	False	옹알이 （2）.cpp	2.cpp
1\133502. 햄버거 만들기	True	133502. 햄버거 만들기	133502. 햄버거 만들기
1\133502. 햄버거 만들기\README.md	False	README.md	README.md
1\133502. 햄버거 만들기\햄버거 만들기.cpp	False	햄버거 만들기.cpp	item.cpp
1\134240. 푸드 파이트 대회	True	134240. 푸드 파이트 대회	134240. 푸드 파이트 대회
1\134240. 푸드 파이트 대회\README.md	False	README.md	README.md
1\134240. 푸드 파이트 대회\푸드 파이트 대회.cpp	False	푸드 파이트 대회.cpp	item.cpp
1\135808. 과일 장수	True	135808. 과일 장수	135808. 과일 장수
1\135808. 과일 장수\README.md	False	README.md	README.md
1\135808. 과일 장수\과일 장수.cpp	False	과일 장수.cpp	item.cpp
1\136798. 기사단원의 무기	True	136798. 기사단원의 무기	136798. 기사단원의 무기
1\136798. 기사단원의 무기\README.md	False	README.md	README.md
1\136798. 기사단원의 무기\기사단원의 무기.cpp	False	기사단원의 무기.cpp	item.cpp
1\138477. 명예의 전당 （1）	True	138477. 명예의 전당 （1）	138477. 명예의 전당 （1）
1\138477. 명예의 전당 （1）\README.md	False	README.md	README.md
1\138477. 명예의 전당 （1）\명예의 전당 （1）.cpp	False	명예의 전당 （1）.cpp	1.cpp
1\140108. 문자열 나누기	True	140108. 문자열 나누기	140108. 문자열 나누기
1\140108. 문자열 나누기\README.md	False	README.md	README.md
1\140108. 문자열 나누기\문자열 나누기.cpp	False	문자열 나누기.cpp	item.cpp
1\142086. 가장 가까운 같은 글자	True	142086. 가장 가까운 같은 글자	142086. 가장 가까운 같은 글자
1\142086. 가장 가까운 같은 글자\README.md	False	README.md	README.md
1\142086. 가장 가까운 같은 글자\가장 가까운 같은 글자.cpp	False	가장 가까운 같은 글자.cpp	item.cpp
1\147355. 크기가 작은 부분문자열	True	147355. 크기가 작은 부분문자열	147355. 크기가 작은 부분문자열
1\147355. 크기가 작은 부분문자열\README.md	False	README.md	README.md
1\147355. 크기가 작은 부분문자열\크기가 작은 부분문자열.cpp	False	크기가 작은 부분문자열.cpp	item.cpp
1\150370. 개인정보 수집 유효기간	True	150370. 개인정보 수집 유효기간	150370. 개인정보 수집 유효기간
1\150370. 개인정보 수집 유효기간\README.md	False	README.md	README.md
1\150370. 개인정보 수집 유효기간\개인정보 수집 유효기간.cpp	False	개인정보 수집 유효기간.cpp	item.cpp
1\155652. 둘만의 암호	True	155652. 둘만의 암호	155652. 둘만의 암호
1\155652. 둘만의 암호\README.md	False	README.md	README.md
1\155652. 둘만의 암호\둘만의 암호.cpp	False	둘만의 암호.cpp	item.cpp
1\159994. 카드 뭉치	True	159994. 카드 뭉치	159994. 카드 뭉치
1\159994. 카드 뭉치\README.md	False	README.md	README.md
1\159994. 카드 뭉치\카드 뭉치.cpp	False	카드 뭉치.cpp	item.cpp
1\160586. 대충 만든 자판	True	160586. 대충 만든 자판	160586. 대충 만든 자판
1\160586. 대충 만든 자판\README.md	False	README.md	README.md
1\160586. 대충 만든 자판\대충 만든 자판.cpp	False	대충 만든 자판.cpp	item.cpp
1\161989. 덧칠하기	True	161989. 덧칠하기	161989. 덧칠하기
1\161989. 덧칠하기\README.md	False	README.md	README.md
1\161989. 덧칠하기\덧칠하기.cpp	False	덧칠하기.cpp	item.cpp
1\161990. 바탕화면 정리	True	161990. 바탕화면 정리	161990. 바탕화면 정리
1\161990. 바탕화면 정리\README.md	False	README.md	README.md
1\161990. 바탕화면 정리\바탕화면 정리.cpp	False	바탕화면 정리.cpp	item.cpp
1\172928. 공원 산책	True	172928. 공원 산책	172928. 공원 산책
1\172928. 공원 산책\README.md	False	README.md	README.md
1\172928. 공원 산책\공원 산책.cpp	False	공원 산책.cpp	item.cpp
1\178871. 달리기 경주	True	178871. 달리기 경주	178871. 달리기 경주
1\178871. 달리기 경주\README.md	False	README.md	README.md
1\178871. 달리기 경주\달리기 경주.cpp	False	달리기 경주.cpp	item.cpp
1\42748. K번째수	True	42748. K번째수	42748. K번째수
1\42748. K번째수\K번째수.cpp	False	K번째수.cpp	K.cpp
1\42748. K번째수\README.md	False	README.md	README.md
1\42840. 모의고사	True	42840. 모의고사	42840. 모의고사
1\42840. 모의고사\README.md	False	README.md	README.md
1\42840. 모의고사\모의고사.cpp	False	모의고사.cpp	item.cpp
1\42862. 체육복	True	42862. 체육복	42862. 체육복
1\42862. 체육복\README.md	False	README.md	README.md
1\42862. 체육복\체육복.cpp	False	체육복.cpp	item.cpp
1\68644. 두 개 뽑아서 더하기	True	68644. 두 개 뽑아서 더하기	68644. 두 개 뽑아서 더하기
1\68644. 두 개 뽑아서 더하기\README.md	False	README.md	README.md
1\68644. 두 개 뽑아서 더하기\두 개 뽑아서 더하기.cpp	False	두 개 뽑아서 더하기.cpp	item.cpp
1\68935. 3진법 뒤집기	True	68935. 3진법 뒤집기	68935. 3진법 뒤집기
1\68935. 3진법 뒤집기\3진법 뒤집기.cpp	False	3진법 뒤집기.cpp	3.cpp
1\68935. 3진법 뒤집기\README.md	False	README.md	README.md
1\70128. 내적	True	70128. 내적	70128. 내적
1\70128. 내적\README.md	False	README.md	README.md
1\70128. 내적\내적.cpp	False	내적.cpp	item.cpp
1\76501. 음양 더하기	True	76501. 음양 더하기	76501. 음양 더하기
1\76501. 음양 더하기\README.md	False	README.md	README.md
1\76501. 음양 더하기\음양 더하기.cpp	False	음양 더하기.cpp	item.cpp
1\77484. 로또의 최고 순위와 최저 순위	True	77484. 로또의 최고 순위와 최저 순위	77484. 로또의 최고 순위와 최저 순위
1\77484. 로또의 최고 순위와 최저 순위\README.md	False	README.md	README.md
1\77484. 로또의 최고 순위와 최저 순위\로또의 최고 순위와 최저 순위.cpp	False	로또의 최고 순위와 최저 순위.cpp	item.cpp
1\77884. 약수의 개수와 덧셈	True	77884. 약수의 개수와 덧셈	77884. 약수의 개수와 덧셈
1\77884. 약수의 개수와 덧셈\README.md	False	README.md	README.md
1\77884. 약수의 개수와 덧셈\약수의 개수와 덧셈.cpp	False	약수의 개수와 덧셈.cpp	item.cpp
1\81301. 숫자 문자열과 영단어	True	81301. 숫자 문자열과 영단어	81301. 숫자 문자열과 영단어
1\81301. 숫자 문자열과 영단어\README.md	False	README.md	README.md
1\81301. 숫자 문자열과 영단어\숫자 문자열과 영단어.cpp	False	숫자 문자열과 영단어.cpp	item.cpp
1\82612. 부족한 금액 계산하기	True	82612. 부족한 금액 계산하기	82612. 부족한 금액 계산하기
1\82612. 부족한 금액 계산하기\README.md	False	README.md	README.md
1\82612. 부족한 금액 계산하기\부족한 금액 계산하기.cpp	False	부족한 금액 계산하기.cpp	item.cpp
1\86051. 없는 숫자 더하기	True	86051. 없는 숫자 더하기	86051. 없는 숫자 더하기
1\86051. 없는 숫자 더하기\README.md	False	README.md	README.md
1\86051. 없는 숫자 더하기\없는 숫자 더하기.cpp	False	없는 숫자 더하기.cpp	item.cpp
1\86491. 최소직사각형	True	86491. 최소직사각형	86491. 최소직사각형
1\86491. 최소직사각형\README.md	False	README.md	README.md
1\86491. 최소직사각형\최소직사각형.cpp	False	최소직사각형.cpp	item.cpp
1\87389. 나머지가 1이 되는 수 찾기	True	87389. 나머지가 1이 되는 수 찾기	87389. 나머지가 1이 되는 수 찾기
1\87389. 나머지가 1이 되는 수 찾기\README.md	False	README.md	README.md
1\87389. 나머지가 1이 되는 수 찾기\나머지가 1이 되는 수 찾기.cpp	False	나머지가 1이 되는 수 찾기.cpp	1.cpp
1\92334. 신고 결과 받기	True	92334. 신고 결과 받기	92334. 신고 결과 받기
1\92334. 신고 결과 받기\README.md	False	README.md	README.md
1\92334. 신고 결과 받기\신고 결과 받기.cpp	False	신고 결과 받기.cpp	item.cpp
2	True	2	2
2\12914. 멀리 뛰기	True	12914. 멀리 뛰기	12914. 멀리 뛰기
2\12914. 멀리 뛰기\README.md	False	README.md	README.md
2\12914. 멀리 뛰기\멀리 뛰기.cpp	False	멀리 뛰기.cpp	item.cpp
2\12939. 최댓값과 최솟값	True	12939. 최댓값과 최솟값	12939. 최댓값과 최솟값
2\12939. 최댓값과 최솟값\README.md	False	README.md	README.md
2\12939. 최댓값과 최솟값\최댓값과 최솟값.cpp	False	최댓값과 최솟값.cpp	item.cpp
2\12945. 피보나치 수	True	12945. 피보나치 수	12945. 피보나치 수
2\12945. 피보나치 수\README.md	False	README.md	README.md
2\12945. 피보나치 수\피보나치 수.cpp	False	피보나치 수.cpp	item.cpp
2\12949. 행렬의 곱셈	True	12949. 행렬의 곱셈	12949. 행렬의 곱셈
2\12949. 행렬의 곱셈\README.md	False	README.md	README.md
2\12949. 행렬의 곱셈\행렬의 곱셈.cpp	False	행렬의 곱셈.cpp	item.cpp
2\12951. JadenCase 문자열 만들기	True	12951. JadenCase 문자열 만들기	12951. JadenCase 문자열 만들기
2\12951. JadenCase 문자열 만들기\JadenCase 문자열 만들기.cpp	False	JadenCase 문자열 만들기.cpp	JadenCase.cpp
2\12951. JadenCase 문자열 만들기\README.md	False	README.md	README.md
2\12953. N개의 최소공배수	True	12953. N개의 최소공배수	12953. N개의 최소공배수
2\12953. N개의 최소공배수\N개의 최소공배수.cpp	False	N개의 최소공배수.cpp	N.cpp
2\12953. N개의 최소공배수\README.md	False	README.md	README.md
2\12985. 예상 대진표	True	12985. 예상 대진표	12985. 예상 대진표
2\12985. 예상 대진표\README.md	False	README.md	README.md
2\12985. 예상 대진표\예상 대진표.cpp	False	예상 대진표.cpp	item.cpp
2\131701. 연속 부분 수열 합의 개수	True	131701. 연속 부분 수열 합의 개수	131701. 연속 부분 수열 합의 개수
2\131701. 연속 부분 수열 합의 개수\README.md	False	README.md	README.md
2\131701. 연속 부분 수열 합의 개수\연속 부분 수열 합의 개수.cpp	False	연속 부분 수열 합의 개수.cpp	item.cpp
2\138476. 귤 고르기	True	138476. 귤 고르기	138476. 귤 고르기
2\138476. 귤 고르기\README.md	False	README.md	README.md
2\138476. 귤 고르기\귤 고르기.cpp	False	귤 고르기.cpp	item.cpp
2\42747. H－Index	True	42747. H－Index	42747. H－Index
2\42747. H－Index\H－Index.cpp	False	H－Index.cpp	H-Index.cpp
2\42747. H－Index\README.md	False	README.md	README.md
2\42842. 카펫	True	42842. 카펫	42842. 카펫
2\42842. 카펫\README.md	False	README.md	README.md
2\42842. 카펫\카펫.cpp	False	카펫.cpp	item.cpp
2\70129. 이진 변환 반복하기	True	70129. 이진 변환 반복하기	70129. 이진 변환 반복하기
2\70129. 이진 변환 반복하기\README.md	False	README.md	README.md
2\70129. 이진 변환 반복하기\이진 변환 반복하기.cpp	False	이진 변환 반복하기.cpp	item.cpp
2\76502. 괄호 회전하기	True	76502. 괄호 회전하기	76502. 괄호 회전하기
2\76502. 괄호 회전하기\README.md	False	README.md	README.md
2\76502. 괄호 회전하기\괄호 회전하기.cpp	False	괄호 회전하기.cpp	item.cpp
2\87390. n＾2 배열 자르기	True	87390. n＾2 배열 자르기	87390. n＾2 배열 자르기
2\87390. n＾2 배열 자르기\n＾2 배열 자르기.cpp	False	n＾2 배열 자르기.cpp	n_2.cpp
2\87390. n＾2 배열 자르기\README.md	False	README.md	README.md
